{
	"info": {
		"_postman_id": "f1b65b73-8664-42f9-b93b-3bf50593f670",
		"name": "EAR HotelReservationSystem - CUSTOMER",
		"schema": "https://schema.getpostman.com/json/collection/v2.1.0/collection.json"
	},
	"item": [
		{
			"name": "Registration",
			"request": {
				"auth": {
					"type": "noauth"
				},
				"method": "POST",
				"header": [],
				"body": {
					"mode": "raw",
					"raw": "{\r\n  \"firstName\": \"Já\",\r\n  \"lastName\": \"II.\",\r\n  \"email\": \"jadruhy@email.cz\",\r\n  \"password\": 12345,\r\n  \"disabled\": false,\r\n  \"dateOfBirth\": \"2020-01-01\",\r\n  \"phoneNumber\": 123456789,\r\n  \"address\": {\r\n    \"city\": \"Město\",\r\n    \"country\": \"Mé království\",\r\n    \"postcode\": 1,\r\n    \"street\": \"Hlavní\",\r\n    \"houseNumber\": 2\r\n  }\r\n}",
					"options": {
						"raw": {
							"language": "json"
						}
					}
				},
				"url": {
					"raw": "http://localhost:8080/hrs/users/",
					"protocol": "http",
					"host": [
						"localhost"
					],
					"port": "8080",
					"path": [
						"hrs",
						"users",
						""
					]
				}
			},
			"response": []
		},
		{
			"name": "View hotels",
			"request": {
				"auth": {
					"type": "basic",
					"basic": [
						{
							"key": "username",
							"value": "jadruhy@email.cz",
							"type": "string"
						},
						{
							"key": "password",
							"value": "12345",
							"type": "string"
						}
					]
				},
				"method": "GET",
				"header": [],
				"url": {
					"raw": "http://localhost:8080/hrs/hotels/",
					"protocol": "http",
					"host": [
						"localhost"
					],
					"port": "8080",
					"path": [
						"hrs",
						"hotels",
						""
					]
				}
			},
			"response": []
		},
		{
			"name": "View rooms in hotel 1",
			"request": {
				"auth": {
					"type": "basic",
					"basic": [
						{
							"key": "username",
							"value": "jadruhy@email.cz",
							"type": "string"
						},
						{
							"key": "password",
							"value": "12345",
							"type": "string"
						}
					]
				},
				"method": "GET",
				"header": [],
				"url": {
					"raw": "http://localhost:8080/hrs/hotels/1/rooms",
					"protocol": "http",
					"host": [
						"localhost"
					],
					"port": "8080",
					"path": [
						"hrs",
						"hotels",
						"1",
						"rooms"
					]
				}
			},
			"response": []
		},
		{
			"name": "View available rooms in hotel 1",
			"request": {
				"auth": {
					"type": "basic",
					"basic": [
						{
							"key": "username",
							"value": "jadruhy@email.cz",
							"type": "string"
						},
						{
							"key": "password",
							"value": "12345",
							"type": "string"
						}
					]
				},
				"method": "GET",
				"header": [],
				"url": {
					"raw": "http://localhost:8080/hrs/hotels/1/availableRooms?dateFrom=2021-02-11&dateTo=2021-02-13",
					"protocol": "http",
					"host": [
						"localhost"
					],
					"port": "8080",
					"path": [
						"hrs",
						"hotels",
						"1",
						"availableRooms"
					],
					"query": [
						{
							"key": "dateFrom",
							"value": "2021-02-11"
						},
						{
							"key": "dateTo",
							"value": "2021-02-13"
						}
					]
				}
			},
			"response": []
		},
		{
			"name": "Create reservation",
			"request": {
				"auth": {
					"type": "basic",
					"basic": [
						{
							"key": "username",
							"value": "jadruhy@email.cz",
							"type": "string"
						},
						{
							"key": "password",
							"value": "12345",
							"type": "string"
						}
					]
				},
				"method": "POST",
				"header": [],
				"body": {
					"mode": "raw",
					"raw": "{\r\n    \"numberOfAccommodated\": 5,\r\n    \"checkInDate\": \"2021-02-11\",\r\n    \"checkOutDate\": \"2021-02-13\",\r\n    \"rooms\": [\r\n        {\r\n        \"id\": 10\r\n        },\r\n        {\r\n        \"id\": 11\r\n        }\r\n    ]\r\n}",
					"options": {
						"raw": {
							"language": "json"
						}
					}
				},
				"url": {
					"raw": "http://localhost:8080/hrs/reservations",
					"protocol": "http",
					"host": [
						"localhost"
					],
					"port": "8080",
					"path": [
						"hrs",
						"reservations"
					]
				}
			},
			"response": []
		},
		{
			"name": "View reservations",
			"request": {
				"auth": {
					"type": "basic",
					"basic": [
						{
							"key": "username",
							"value": "jadruhy@email.cz",
							"type": "string"
						},
						{
							"key": "password",
							"value": "12345",
							"type": "string"
						}
					]
				},
				"method": "GET",
				"header": [],
				"url": {
					"raw": "http://localhost:8080/hrs/reservations",
					"protocol": "http",
					"host": [
						"localhost"
					],
					"port": "8080",
					"path": [
						"hrs",
						"reservations"
					]
				}
			},
			"response": []
		},
		{
			"name": "Delete reservation",
			"request": {
				"auth": {
					"type": "basic",
					"basic": [
						{
							"key": "username",
							"value": "jadruhy@email.cz",
							"type": "string"
						},
						{
							"key": "password",
							"value": "12345",
							"type": "string"
						}
					]
				},
				"method": "DELETE",
				"header": [],
				"url": {
					"raw": "http://localhost:8080/hrs/reservations/XYZ",
					"protocol": "http",
					"host": [
						"localhost"
					],
					"port": "8080",
					"path": [
						"hrs",
						"reservations",
						"XYZ"
					]
				}
			},
			"response": []
		},
		{
			"name": "View reservations",
			"request": {
				"auth": {
					"type": "basic",
					"basic": [
						{
							"key": "username",
							"value": "jadruhy@email.cz",
							"type": "string"
						},
						{
							"key": "password",
							"value": "12345",
							"type": "string"
						}
					]
				},
				"method": "GET",
				"header": [],
				"url": {
					"raw": "http://localhost:8080/hrs/reservations",
					"protocol": "http",
					"host": [
						"localhost"
					],
					"port": "8080",
					"path": [
						"hrs",
						"reservations"
					]
				}
			},
			"response": []
		},
		{
			"name": "Create reservation",
			"request": {
				"auth": {
					"type": "basic",
					"basic": [
						{
							"key": "username",
							"value": "jadruhy@email.cz",
							"type": "string"
						},
						{
							"key": "password",
							"value": "12345",
							"type": "string"
						}
					]
				},
				"method": "POST",
				"header": [],
				"body": {
					"mode": "raw",
					"raw": "{\r\n    \"numberOfAccommodated\": 4,\r\n    \"checkInDate\": \"2021-02-11\",\r\n    \"checkOutDate\": \"2021-02-13\",\r\n    \"rooms\": [\r\n        {\r\n        \"id\": 10\r\n        },\r\n        {\r\n        \"id\": 11\r\n        }\r\n    ]\r\n}",
					"options": {
						"raw": {
							"language": "json"
						}
					}
				},
				"url": {
					"raw": "http://localhost:8080/hrs/reservations",
					"protocol": "http",
					"host": [
						"localhost"
					],
					"port": "8080",
					"path": [
						"hrs",
						"reservations"
					]
				}
			},
			"response": []
		}
	]
}